航线,Unnamed: 1,Unnamed: 2,Unnamed: 4,Unnamed: 5,Unnamed: 6,"2024年深航共拥有波音737系列,空客A319,A320,A330系列各类型客机超200架",Unnamed: 10,Unnamed: 11,Unnamed: 12,Unnamed: 13,Unnamed: 14,Unnamed: 15
国内出发,,,国际出发,,,空客系列,公务舱,舒适经济舱,经济舱,座位总数,平均机龄,图片
始发地,目的地,航距（公里）,始发地,目的地,航距（公里）,机型：A330,18座,24座,267座,309座,5年,"=DISPIMG(""ID_88343D7CFFDE4F66B67FA783CC009CE4"",1)"
北京,泉州,1732,大阪,无锡,1433,机型：A320,8座,18座,126座,152座,4年,"=DISPIMG(""ID_5EB051F2CF4B4939B76220BDEFFF73F9"",1)"
北京,南宁,2250,东京成田,深圳,2917,,,,,,,
北京,南通,1080,河内,深圳,849,波音系列,公务舱,舒适经济舱,经济舱,座位总数,平均机龄,图片
北京,深圳,2077,吉隆坡,深圳,2568,机型：737-800,8座,18座,140座,156座,6年,"=DISPIMG(""ID_133CB1F49A614847BEF67D70D0AC98CF"",1)"
北京,成都天府,1697,null（金边）,深圳,1556,,,,,,,
北京,无锡,1120,伦敦,深圳,9585,,,,,,,
北京,襄阳,1050,曼谷,深圳,1702,,,,,,,
北京,宜春,1504,普吉岛,深圳,2314,,,,,,,
巴中,深圳,1890,首尔,深圳,2061,,,,,,,
成都天府,广州,1390,新加坡,深圳,2589,,,,,,,
成都天府,合肥,1392,,,,,,,,,,
成都天府,泉州,1770,,,,,,,,,,
成都天府,南昌,1240,,,,,,,,,,
成都天府,丽江,734,,,,,,,,,,
成都天府,南京,1618,,,,,,,,,,
成都天府,南宁,1014,,,,,,,,,,
成都天府,南通,1870,,,,, ,,,,,
成都天府,北京首都,1697,,,,,,,,,,
成都天府,深圳,1446,,,,,,,,,,
成都天府,太原,1173,,,,,,,,,,
成都天府,无锡,1730,,,,,,,,,,
成都天府,烟台,1882,,,,,,,,,,
重庆,南昌,970,,,,,,,,,,
重庆,南京,1305,,,,,,,,,,
重庆,南宁,858,,,,,,,,,,
重庆,南通,1450,,,,,,,,,,
重庆,深圳,1290,,,,,,,,,,
重庆,无锡,1375,,,,,,,,,,
常州,广州,1434,,,,,,,,,,
常州,长春,1588,,,,,,,,,,
常州,大连,898,,,,,,,,,,
常州,海口,1900,,,,,,,,,,
常州,哈尔滨,1760,,,,,,,,,,
常州,泉州,955,,,,,,,,,,
常州,南宁,1600,,,,,,,,,,
常州,沈阳,1326,,,,,,,,,,
常州,深圳,1520,,,,,,,,,,
常州,珠海,1462,,,,,,,,,,
长春,常州,1588,,,,,,,,,,
长春,南昌,2077,,,,,,,,,,
长春,临沂,1350,,,,,,,,,,
长春,南京,1533,,,,,,,,,,
长春,深圳,2983,,,,,,,,,,
长春,烟台,895,,,,,,,,,,
长春,扬州泰州,1528,,,,,,,,,,
长沙,烟台,1437,,,,,,,,,,
成都双流,深圳,1446,,,,,,,,,,
池州,深圳,1071,,,,,,,,,,
大连,郑州,988,,,,,,,,,,
大连,常州,898,,,,,,,,,,
大连,合肥,1045,,,,,,,,,,
大连,南昌,1437,,,,,,,,,,
大连,南通,972,,,,,,,,,,
大连,扬州泰州,829,,,,,,,,,,
福州,郑州,1192,,,,,,,,,,
福州,南宁,1455,,,,,,,,,,
广州,郑州,1389,,,,,,,,,,
广州,常州,1434,,,,,,,,,,
广州,海口,548,,,,,,,,,,
广州,合肥,1105,,,,,,,,,,
广州,杭州,1099,,,,,,,,,,
广州,哈尔滨,3119,,,,,,,,,,
广州,台州,1123,,,,,,,,,,
广州,景德镇,809,,,,,,,,,,
广州,泉州,667,,,,,,,,,,
广州,临沂,1498,,,,,,,,,,
广州,南京,1255,,,,,,,,,,
广州,南通,1363,,,,,,,,,,
广州,上海浦东,1308,,,,,,,,,,
广州,沈阳,2672,,,,,,,,,,
广州,青岛,1867,,,,,,,,,,
广州,成都天府,1390,,,,,,,,,,
广州,济南,1664,,,,,,,,,,
广州,温州,1015,,,,,,,,,,
广州,无锡,1365,,,,,,,,,,
广州,西安,1528,,,,,,,,,,
广州,烟台,2132,,,,,,,,,,
广州,扬州泰州,1370,,,,,,,,,,
贵阳,合肥,1319,,,,,,,,,,
贵阳,南通,1745,,,,,,,,,,
贵阳,无锡,1710,,,,,,,,,,
杭州,广州,1099,,,,,,,,,,
杭州,深圳,1179,,,,,,,,,,
杭州,运城,1273,,,,,,,,,,
合肥,广州,1105,,,,,,,,,,
合肥,大连,1045,,,,,,,,,,
合肥,惠州,1206,,,,,,,,,,
合肥,泉州,975,,,,,,,,,,
合肥,贵阳,1319,,,,,,,,,,
合肥,丽江,2114,,,,,,,,,,
合肥,绵阳,1470,,,,,,,,,,
合肥,南宁,1411,,,,,,,,,,
合肥,沈阳,1608,,,,,,,,,,
合肥,深圳,1191,,,,,,,,,,
合肥,成都天府,1392,,,,,,,,,,
合肥,太原,808,,,,,,,,,,
合肥,西安,960,,,,,,,,,,
合肥,宜宾,1450,,,,,,,,,,
呼和浩特,沈阳,1051,,,,,,,,,,
呼和浩特,武汉,1254,,,,,,,,,,
海口,广州,548,,,,,,,,,,
海口,郑州,1873,,,,,,,,,,
海口,常州,1900,,,,,,,,,,
海口,南昌,1204,,,,,,,,,,
海口,深圳,603,,,,,,,,,,
海口,无锡,1939,,,,,,,,,,
海口,宜春,1120,,,,,,,,,,
惠州,郑州,1633,,,,,,,,,,
惠州,合肥,1206,,,,,,,,,,
惠州,南京,1329,,,,,,,,,,
惠州,南宁,740,,,,,,,,,,
惠州,无锡,1448,,,,,,,,,,
惠州,西安,1826,,,,,,,,,,
哈尔滨,广州,3119,,,,,,,,,,
哈尔滨,郑州,1662,,,,,,,,,,
哈尔滨,常州,1760,,,,,,,,,,
哈尔滨,南昌,2264,,,,,,,,,,
哈尔滨,临沂,1440,,,,,,,,,,
哈尔滨,南京,1756,,,,,,,,,,
哈尔滨,南通,1877,,,,,,,,,,
哈尔滨,深圳,3034,,,,,,,,,,
哈尔滨,运城,1869,,,,,,,,,,
哈尔滨,烟台,1093,,,,,,,,,,
哈尔滨,扬州泰州,1692,,,,,,,,,,
景德镇,广州,809,,,,,,,,,,
景德镇,上海虹桥,589,,,,,,,,,,
景德镇,深圳,854,,,,,,,,,,
济南,广州,1664,,,,,,,,,,
济南,深圳,1828,,,,,,,,,,
昆明,泉州,1595,,,,,,,,,,
昆明,南昌,1457,,,,,,,,,,
昆明,深圳,1245,,,,,,,,,,
昆明,运城,1365,,,,,,,,,,
兰州,深圳,2185,,,,,,,,,,
兰州,宜昌,1212,,,,,,,,,,
丽江,合肥,2114,,,,,,,,,,
丽江,南京,2200,,,,,,,,,,
丽江,深圳,1605,,,,,,,,,,
丽江,成都天府,734,,,,,,,,,,
临沂,广州,1498,,,,,,,,,,
临沂,长春,1350,,,,,,,,,,
临沂,哈尔滨,1440,,,,,,,,,,
临沂,南昌,920,,,,,,,,,,
临沂,宁波,711,,,,,,,,,,
临沂,沈阳,918,,,,,,,,,,
临沂,深圳,1756,,,,,,,,,,
临沂,温州,987,,,,,,,,,,
临沂,西安,1110,,,,,,,,,,
绵阳,合肥,1470,,,,,,,,,,
绵阳,深圳,1610,,,,,,,,,,
绵阳,温州,1826,,,,,,,,,,
南京,广州,1255,,,,,,,,,,
南京,长春,1533,,,,,,,,,,
南京,重庆,1305,,,,,,,,,,
南京,哈尔滨,1756,,,,,,,,,,
南京,惠州,1329,,,,,,,,,,
南京,银川,1664,,,,,,,,,,
南京,泉州,863,,,,,,,,,,
南京,丽江,2200,,,,,,,,,,
南京,中国澳门,1200,,,,,,,,,,
南京,南宁,1574,,,,,,,,,,
南京,沈阳,1630,,,,,,,,,,
南京,深圳,1526,,,,,,,,,,
南京,成都天府,1618,,,,,,,,,,
南京,太原,974,,,,,,,,,,
南京,运城,980,,,,,,,,,,
南京,宜春,754,,,,,,,,,,
南京,烟台,752,,,,,,,,,,
南京,珠海,1544,,,,,,,,,,
南宁,郑州,1557,,,,,,,,,,
南宁,重庆,858,,,,,,,,,,
南宁,常州,1600,,,,,,,,,,
南宁,福州,1455,,,,,,,,,,
南宁,合肥,1411,,,,,,,,,,
南宁,惠州,740,,,,,,,,,,
南宁,泉州,1292,,,,,,,,,,
南宁,南昌,1128,,,,,,,,,,
南宁,南京,1574,,,,,,,,,,
南宁,南通,1888,,,,,,,,,,
南宁,北京首都,2250,,,,,,,,,,
南宁,深圳,651,,,,,,,,,,
南宁,成都天府,1014,,,,,,,,,,
南宁,温州,1663,,,,,,,,,,
南宁,武汉,1099,,,,,,,,,,
南宁,无锡,1780,,,,,,,,,,
南宁,西安,1832,,,,,,,,,,
南宁,厦门,1105,,,,,,,,,,
南宁,运城,1587,,,,,,,,,,
南通,广州,1363,,,,,,,,,,
南通,重庆,1450,,,,,,,,,,
南通,大连,972,,,,,,,,,,
南通,中国香港,2966,,,,,,,,,,
南通,哈尔滨,1877,,,,,,,,,,
南通,泉州,906,,,,,,,,,,
南通,贵阳,1745,,,,,,,,,,
南通,南宁,1888,,,,,,,,,,
南通,北京首都,1080,,,,,,,,,,
南通,沈阳,1408,,,,,,,,,,
南通,三亚,2069,,,,,,,,,,
南通,深圳,1478,,,,,,,,,,
南通,成都天府,1870,,,,,,,,,,
南通,天津,1031,,,,,,,,,,
南通,太原,1238,,,,,,,,,,
南通,西安,1254,,,,,,,,,,
南通,厦门,980,,,,,,,,,,
南通,珠海,1522,,,,,,,,,,
宁波,临沂,711,,,,,,,,,,
宁波,深圳,1237,,,,,,,,,,
宁波,运城,1411,,,,,,,,,,
南昌,长春,2077,,,,,,,,,,
南昌,重庆,970,,,,,,,,,,
南昌,大连,1437,,,,,,,,,,
南昌,海口,1204,,,,,,,,,,
南昌,哈尔滨,2264,,,,,,,,,,
南昌,银川,1471,,,,,,,,,,
南昌,昆明,1457,,,,,,,,,,
南昌,临沂,920,,,,,,,,,,
南昌,南宁,1128,,,,,,,,,,
南昌,沈阳,1922,,,,,,,,,,
南昌,石家庄,1145,,,,,,,,,,
南昌,深圳,753,,,,,,,,,,
南昌,青岛,1319,,,,,,,,,,
南昌,成都天府,1240,,,,,,,,,,
南昌,天津,1370,,,,,,,,,,
南昌,太原,1090,,,,,,,,,,
南昌,宜宾,1340,,,,,,,,,,
南昌,运城,917,,,,,,,,,,
青岛,广州,1867,,,,,,,,,,
青岛,南昌,1319,,,,,,,,,,
青岛,深圳,2049,,,,,,,,,,
泉州,广州,667,,,,,,,,,,
泉州,郑州,1320,,,,,,,,,,
泉州,常州,955,,,,,,,,,,
泉州,合肥,975,,,,,,,,,,
泉州,中国香港,552,,,,,,,,,,
泉州,舟山,813,,,,,,,,,,
泉州,昆明,1595,,,,,,,,,,
泉州,南京,863,,,,,,,,,,
泉州,南宁,1292,,,,,,,,,,
泉州,南通,906,,,,,,,,,,
泉州,北京首都,1732,,,,,,,,,,
泉州,沈阳,2225,,,,,,,,,,
泉州,深圳,649,,,,,,,,,,
泉州,成都天府,1770,,,,,,,,,,
泉州,武汉,860,,,,,,,,,,
泉州,无锡,990,,,,,,,,,,
泉州,西安,1678,,,,,,,,,,
泉州,宜宾,1675,,,,,,,,,,
泉州,宜昌,1104,,,,,,,,,,
泉州,湛江,1013,,,,,,,,,,
深圳,曼谷,1702,,,,,,,,,,
深圳,巴中,1890,,,,,,,,,,
深圳,郑州,1465,,,,,,,,,,
深圳,长春,2983,,,,,,,,,,
深圳,重庆,1290,,,,,,,,,,
深圳,成都双流,1446,,,,,,,,,,
深圳,常州,1520,,,,,,,,,,
深圳,海口,603,,,,,,,,,,
深圳,河内,849,,,,,,,,,,
深圳,合肥,1191,,,,,,,,,,
深圳,杭州,1179,,,,,,,,,,
深圳,普吉岛,2314,,,,,,,,,,
深圳,哈尔滨,3034,,,,,,,,,,
深圳,台州,1070,,,,,,,,,,
深圳,首尔,2061,,,,,,,,,,
深圳,银川,2176,,,,,,,,,,
深圳,景德镇,854,,,,,,,,,,
深圳,泉州,649,,,,,,,,,,
深圳,池州,1071,,,,,,,,,,
深圳,南昌,753,,,,,,,,,,
深圳,昆明,1245,,,,,,,,,,
深圳,吉隆坡,2568,,,,,,,,,,
深圳,伦敦,9585,,,,,,,,,,
深圳,兰州,2185,,,,,,,,,,
深圳,丽江,1605,,,,,,,,,,
深圳,临沂,1756,,,,,,,,,,
深圳,绵阳,1610,,,,,,,,,,
深圳,宁波,1237,,,,,,,,,,
深圳,南京,1526,,,,,,,,,,
深圳,南宁,651,,,,,,,,,,
深圳,东京成田,2917,,,,,,,,,,
深圳,南通,1478,,,,,,,,,,
深圳,北京首都,2077,,,,,,,,,,
深圳,上海浦东,1343,,,,,,,,,,
深圳,胡志明市,1517,,,,,,,,,,
深圳,上海虹桥,1343,,,,,,,,,,
深圳,沈阳,2671,,,,,,,,,,
深圳,新加坡,2589,,,,,,,,,,
深圳,石家庄,1773,,,,,,,,,,
深圳,三亚,837,,,,,,,,,,
深圳,青岛,2049,,,,,,,,,,
深圳,成都天府,1446,,,,,,,,,,
深圳,济南,1828,,,,,,,,,,
深圳,中国台北,811,,,,,,,,,,
深圳,天津,2021,,,,,,,,,,
深圳,太原,1796,,,,,,,,,,
深圳,乌鲁木齐,3900,,,,,,,,,,
深圳,芜湖,1282,,,,,,,,,,
深圳,温州,1009,,,,,,,,,,
深圳,武汉,938,,,,,,,,,,
深圳,无锡,1368,,,,,,,,,,
深圳,襄阳,1237,,,,,,,,,,
深圳,西安,1635,,,,,,,,,,
深圳,西宁,2390,,,,,,,,,,
深圳,宜宾,1285,,,,,,,,,,
深圳,运城,1454,,,,,,,,,,
深圳,宜春,771,,,,,,,,,,
深圳,宜昌,1032,,,,,,,,,,
深圳,烟台,2191,,,,,,,,,,
深圳,扬州泰州,1546,,,,,,,,,,
上海虹桥,景德镇,589,,,,,,,,,,
上海虹桥,深圳,1343,,,,,,,,,,
上海浦东,广州,1308,,,,,,,,,,
上海浦东,深圳,1343,,,,,,,,,,
沈阳,广州,2672,,,,,,,,,,
沈阳,郑州,1339,,,,,,,,,,
沈阳,常州,1326,,,,,,,,,,
沈阳,呼和浩特,1051,,,,,,,,,,
沈阳,合肥,1608,,,,,,,,,,
沈阳,泉州,2225,,,,,,,,,,
沈阳,南昌,1922,,,,,,,,,,
沈阳,临沂,918,,,,,,,,,,
沈阳,南京,1630,,,,,,,,,,
沈阳,南通,1408,,,,,,,,,,
沈阳,深圳,2671,,,,,,,,,,
沈阳,太原,1171,,,,,,,,,,
沈阳,温州,1753,,,,,,,,,,
沈阳,武汉,1859,,,,,,,,,,
沈阳,无锡,1350,,,,,,,,,,
沈阳,襄阳,1704,,,,,,,,,,
沈阳,西安,1683,,,,,,,,,,
沈阳,烟台,593,,,,,,,,,,
沈阳,扬州泰州,1620,,,,,,,,,,
三亚,南通,2069,,,,,,,,,,
三亚,深圳,837,,,,,,,,,,
三亚,温州,1802,,,,,,,,,,
三亚,运城,2341,,,,,,,,,,
石家庄,南昌,1145,,,,,,,,,,
石家庄,深圳,1773,,,,,,,,,,
天津,南昌,1370,,,,,,,,,,
天津,南通,1031,,,,,,,,,,
天津,深圳,2021,,,,,,,,,,
太原,合肥,808,,,,,,,,,,
太原,南昌,1090,,,,,,,,,,
太原,南京,974,,,,,,,,,,
太原,南通,1238,,,,,,,,,,
太原,沈阳,1171,,,,,,,,,,
太原,深圳,1796,,,,,,,,,,
太原,成都天府,1173,,,,,,,,,,
太原,武汉,866,,,,,,,,,,
太原,无锡,1183,,,,,,,,,,
太原,宜昌,840,,,,,,,,,,
台州,广州,1123,,,,,,,,,,
台州,深圳,1070,,,,,,,,,,
无锡,广州,1365,,,,,,,,,,
无锡,重庆,1375,,,,,,,,,,
无锡,海口,1939,,,,,,,,,,
无锡,中国香港,1211,,,,,,,,,,
无锡,惠州,1448,,,,,,,,,,
无锡,泉州,990,,,,,,,,,,
无锡,大阪,1433,,,,,,,,,,
无锡,贵阳,1710,,,,,,,,,,
无锡,中国澳门,1235,,,,,,,,,,
无锡,南宁,1780,,,,,,,,,,
无锡,北京首都,1120,,,,,,,,,,
无锡,沈阳,1350,,,,,,,,,,
无锡,深圳,1368,,,,,,,,,,
无锡,成都天府,1730,,,,,,,,,,
无锡,太原,1183,,,,,,,,,,
无锡,西安,1310,,,,,,,,,,
无锡,运城,1088,,,,,,,,,,
无锡,宜昌,905,,,,,,,,,,
无锡,烟台,850,,,,,,,,,,
无锡,珠海,1476,,,,,,,,,,
芜湖,深圳,1282,,,,,,,,,,
武汉,呼和浩特,1254,,,,,,,,,,
武汉,泉州,860,,,,,,,,,,
武汉,南宁,1099,,,,,,,,,,
武汉,沈阳,1859,,,,,,,,,,
武汉,深圳,938,,,,,,,,,,
武汉,太原,866,,,,,,,,,,
武汉,运城,737,,,,,,,,,,
乌鲁木齐,深圳,3900,,,,,,,,,,
温州,广州,1015,,,,,,,,,,
温州,临沂,987,,,,,,,,,,
温州,绵阳,1826,,,,,,,,,,
温州,南宁,1663,,,,,,,,,,
温州,沈阳,1753,,,,,,,,,,
温州,三亚,1802,,,,,,,,,,
温州,深圳,1009,,,,,,,,,,
温州,宜宾,1910,,,,,,,,,,
温州,运城,1402,,,,,,,,,,
西安,广州,1528,,,,,,,,,,
西安,合肥,960,,,,,,,,,,
西安,惠州,1826,,,,,,,,,,
西安,泉州,1678,,,,,,,,,,
西安,临沂,1110,,,,,,,,,,
西安,南宁,1832,,,,,,,,,,
西安,南通,1254,,,,,,,,,,
西安,沈阳,1683,,,,,,,,,,
西安,深圳,1635,,,,,,,,,,
西安,无锡,1310,,,,,,,,,,
西安,西宁,721,,,,,,,,,,
西安,扬州泰州,1314,,,,,,,,,,
厦门,南宁,1105,,,,,,,,,,
厦门,南通,980,,,,,,,,,,
厦门,扬州泰州,1017,,,,,,,,,,
西宁,郑州,1196,,,,,,,,,,
西宁,深圳,2390,,,,,,,,,,
西宁,西安,721,,,,,,,,,,
襄阳,北京首都,1050,,,,,,,,,,
襄阳,沈阳,1704,,,,,,,,,,
襄阳,深圳,1237,,,,,,,,,,
襄阳,珠海,1312,,,,,,,,,,
银川,郑州,951,,,,,,,,,,
银川,南昌,1471,,,,,,,,,,
银川,南京,1664,,,,,,,,,,
银川,深圳,2176,,,,,,,,,,
运城,杭州,1273,,,,,,,,,,
运城,哈尔滨,1869,,,,,,,,,,
运城,南昌,917,,,,,,,,,,
运城,昆明,1365,,,,,,,,,,
运城,宁波,1411,,,,,,,,,,
运城,南京,980,,,,,,,,,,
运城,南宁,1587,,,,,,,,,,
运城,三亚,2341,,,,,,,,,,
运城,深圳,1454,,,,,,,,,,
运城,温州,1402,,,,,,,,,,
运城,武汉,737,,,,,,,,,,
运城,无锡,1088,,,,,,,,,,
运城,珠海,1697,,,,,,,,,,
宜昌,泉州,1104,,,,,,,,,,
宜昌,兰州,1212,,,,,,,,,,
宜昌,深圳,1032,,,,,,,,,,
宜昌,太原,840,,,,,,,,,,
宜昌,无锡,905,,,,,,,,,,
扬州泰州,广州,1370,,,,,,,,,,
扬州泰州,长春,1528,,,,,,,,,,
扬州泰州,大连,829,,,,,,,,,,
扬州泰州,哈尔滨,1692,,,,,,,,,,
扬州泰州,沈阳,1620,,,,,,,,,,
扬州泰州,深圳,1546,,,,,,,,,,
扬州泰州,西安,1314,,,,,,,,,,
扬州泰州,厦门,1017,,,,,,,,,,
烟台,广州,2132,,,,,,,,,,
烟台,郑州,896,,,,,,,,,,
烟台,长春,895,,,,,,,,,,
烟台,长沙,1437,,,,,,,,,,
烟台,哈尔滨,1093,,,,,,,,,,
烟台,南京,752,,,,,,,,,,
烟台,沈阳,593,,,,,,,,,,
烟台,深圳,2191,,,,,,,,,,
烟台,成都天府,1882,,,,,,,,,,
烟台,无锡,850,,,,,,,,,,
宜宾,合肥,1450,,,,,,,,,,
宜宾,泉州,1675,,,,,,,,,,
宜宾,南昌,1340,,,,,,,,,,
宜宾,深圳,1285,,,,,,,,,,
宜宾,温州,1910,,,,,,,,,,
宜春,海口,1120,,,,,,,,,,
宜春,南京,754,,,,,,,,,,
宜春,北京首都,1504,,,,,,,,,,
宜春,深圳,771,,,,,,,,,,
郑州,广州,1389,,,,,,,,,,
郑州,大连,988,,,,,,,,,,
郑州,福州,1192,,,,,,,,,,
郑州,海口,1873,,,,,,,,,,
郑州,哈尔滨,1662,,,,,,,,,,
郑州,舟山,1153,,,,,,,,,,
郑州,惠州,1633,,,,,,,,,,
郑州,银川,951,,,,,,,,,,
郑州,泉州,1320,,,,,,,,,,
郑州,南宁,1557,,,,,,,,,,
郑州,沈阳,1339,,,,,,,,,,
郑州,深圳,1465,,,,,,,,,,
郑州,西宁,1196,,,,,,,,,,
郑州,烟台,896,,,,,,,,,,
中国香港,泉州,552,,,,,,,,,,
中国香港,南通,2966,,,,,,,,,,
中国香港,无锡,1211,,,,,,,,,,
中国澳门,南京,1200,,,,,,,,,,
中国澳门,无锡,1235,,,,,,,,,,
中国台北,深圳,811,,,,,,,,,,
珠海,常州,1462,,,,,,,,,,
珠海,南京,1544,,,,,,,,,,
珠海,南通,1522,,,,,,,,,,
珠海,无锡,1476,,,,,,,,,,
珠海,襄阳,1312,,,,,,,,,,
珠海,运城,1697,,,,,,,,,,
舟山,郑州,1153,,,,,,,,,,
舟山,泉州,813,,,,,,,,,,
湛江,泉州,1013,,,,,,,,,,
