航线（国内）,Unnamed: 1,Unnamed: 2,Unnamed: 3,航线（国际）,Unnamed: 5,Unnamed: 6,Unnamed: 7,Unnamed: 8,Unnamed: 9
始发地,目的地,里程数,,始发地,目的地,里程数,,,
加格达奇区,大连,1284,,延吉,首尔,652,,,
,哈尔滨,550,,北京,首尔,901,,,
黑河市,哈尔滨,510,,,东京都,2099,,,
海拉尔区,无锡,1968,,,登巴萨,5364,,,
,上海,2013,,,新加坡,4422,,,
满洲里市,上海,2081,,,吉隆坡,4347,,,
齐齐哈尔市,大连,583,,,曼谷,3252,,,
,济南,1278,,,马斯喀特,5679,,,
,青岛,1249,,,莫斯科,5827,,,
,上海,1798,,西安,莫斯科,5773,,,
伊春市,大连,1146,,,维也纳,7380,,,
,青岛,908,,,米兰,8035,,,
,上海,1944,,,伊斯坦布尔,6809,,,
乌兰浩特市,武汉,1839,,,塔什干,3513,,,
大庆市,青岛,1226,,,富国岛,2741,,,
,上海,1757,,,新加坡,3710,,,
佳木斯市,北京,1397,,,上海,1228,上海,首尔,864.0
,济南,1556,,上海,纽约,11867,,,
,烟台,1283,,,多伦多,11409,,,
,青岛,1445,,,温哥华,9011,,,
,上海,1894,,,旧金山,9870,,,
哈尔滨,兰州,2139,,,洛杉矶,10409,,,
,太原,1426,,,奥克兰,9363,,,
,北京,1051,,,布里斯班,7302,,,
,西安,1931,,,悉尼,7860,,,
,成都,2543,,,墨尔本,8013,,,
,昆明,3085,,,阿德莱德,7549,,,
,济南,1230,,,登巴萨,4488,,,
,武汉,1951,,,雅加达,4443,,,
,长沙,2250,,,新加坡,3803,,,
,合肥,1711,,,胡志明市,2744,,,
,青岛,1151,,,富国岛,2966,,,
,烟台,987,,,金边,2800,,,
,上海,1658,,,曼谷,2894,,,
,宁波,1804,,,万象,2425,,,
,黑河,510,,,清迈,2672,,,
长春,兰州,2039,,,科伦坡,5095,,,
,太原,1296,,,马累,5856,,,
,北京,914,,,新德里,4289,,,
,西安,1796,,,阿布扎比,6545,,,
,成都,2406,,,迪拜,6444,,,
,郑州,1461,,,利雅得,7258,,,
,济南,1067,,,开罗,8364,,,
,烟台,806,,,塔什干,4767,,,
,青岛,970,,,第比利斯,6746,,,
,威海,810,,,阿拉木图,4130,,,
,南京,1485,,,伊斯坦布尔,8016,,,
,上海,1471,,,罗马,9165,,,
延吉,上海,1468,,,威尼斯,8919,,,
,青岛,1078,,,巴塞罗那,9859,,,
,烟台,922,,,米兰,9139,,,
白山市,北京,982,,,马德里,10263,,,
,烟台,747,,,日内瓦,9257,,,
,上海,1318,,,喀山,6125,,,
沈阳,银川,1498,,,苏黎世,9027,,,
,兰州,1801,,,美英河畔法兰克福,8853,,,
,西安,1513,,,巴黎,9262,,,
,昆明,2634,,,阿姆斯特丹,8906,,,
,武汉,1463,,,哥本哈根,8272,,,
,青岛,655,,,伦敦,9247,,,
,合肥,1217,,,圣彼得堡,7133,,,
,南昌,1576,,,莫斯科,6846,,,
,广州,2237,,,斯德哥尔摩,7776,,,
,淮安,951,,,都白林,9358,,,
,南京,1173,,,首尔,821,,,
,盐城,956,,,清州市,811,,,
,无锡,1159,,,大邱广域市,824,,,
,杭州,1297,,,釜山广域市,800,,,
,上海,1175,,,济州市,512,,,
,宁波,1324,,,东京都,1794,,,
锦州,武汉,1294,,,名古屋,1455,,,
,扬州,940,,,大阪,1305,,,
,上海,1088,,,广岛市,1099,,,
朝阳,上海,1162,,,福冈市,855,,,
北京,上海,1075,,,冲绳岛,790,,,
,上海,1049,,,马尼拉,1849,,,
,宁波,1170,,,宿务市,2326,,,
,嘉兴,1053,,,札幌市,2179,,,
,无锡,961,,,万象,2425,,,
,杭州,1094,,杭州,首尔,977,,,
,常州,896,,,新加坡,3647,,,
,南京,890,,,吉隆坡,3634,,,
,合肥,837,,,胡志明市,2585,,,
,南昌,1183,,武汉,悉尼,8171,,,
,汕头,1773,,,新加坡,3442,,,
,香港,1925,,,吉隆坡,3380,,,
,澳门,1947,,,金边,2361,,,
,深圳,1891,,,曼谷,2345,,,
,珠海,1965,,,万象,1844,,,
,广州,1814,,成都,曼谷,1886,,,
,武汉,990,,昆明,首尔,2610,,,
,长沙,1291,,,新加坡,2641,,,
,海口,2248,,,吉隆坡,2488,,,
,三亚,2451,,,普吉市,1951,,,
,南宁,2033,,,胡志明市,1635,,,
,恩施,1199,,,金边,1542,,,
,贵阳,1053,,,暹粒市,1312,,,
,重庆,1405,,,万象,792,,,
,昆明,2034,,,琅勃拉邦,584,,,
,景洪,2448,,,曼谷,1289,,,
,成都,1492,,,清迈,814,,,
,昭通,1788,,,仰光,1151,,,
,大理,2147,,,科伦坡,3154,,,
,芒市,2371,,,马累,3904,,,
,西安,880,,,曼德勒,803,,,
,兰州,1167,,,加尔各答,1495,,,
,西宁,1299,,,达卡,1275,,,
,银川,875,,,加德满都,1770,,,
,嘉峪关,1543,,,迪拜市,4757,,,
,敦煌,1839,,广州,曼谷,1704,,,
,库尔勒,2552,,南京,巴黎,9045,,,
,乌鲁木齐,2437,,,悉尼,8045,,,
,塔城,2776,,,墨尔本,8171,,,
唐山,武汉,1049,,,新加坡,3719,,,
秦皇岛,武汉,1080,,,吉隆坡,3687,,,
天津,兰州,1238,,,胡志明市,2641,,,
,西安,924,,,曼谷,2725,,,
,昆明,2060,,,釜山广域市,1007,,,
,武汉,969,,,首尔,940,,,
,南昌,1147,,,,,,,
,上海,951,,,,,,,
大同,昆明,1930,,,,,,,
,武汉,1032,,,,,,,
,南昌,1263,,,,,,,
,合肥,950,,,,,,,
,南京,1043,,,,,,,
,宁波,1347,,,,,,,
,上海,1242,,,,,,,
,青岛,707,,,,,,,
呼和浩特,兰州,858,,,,,,,
,昆明,1933,,,,,,,
,西安,760,,,,,,,
,南昌,1382,,,,,,,
,合肥,1086,,,,,,,
,南京,1191,,,,,,,
,上海,1400,,,,,,,
,青岛,872,,,,,,,
,烟台,864,,,,,,,
包头,南京,1260,,,,,,,
鄂尔多斯,兰州,639,,,,,,,
,昆明,1724,,,,,,,
,西安,568,,,,,,,
,武汉,1044,,,,,,,
,南昌,1304,,,,,,,
,合肥,1051,,,,,,,
,徐州,911,,,,,,,
,太原,307,,,,,,,
,扬州,1172,,,,,,,
,上海,1423,,,,,,,
,盐城,1143,,,,,,,
,临沂,901,,,,,,,
,日照,948,,,,,,,
,青岛,961,,,,,,,
,石家庄,438,,,,,,,
,烟台,987,,,,,,,
石家庄,兰州,996,,,,,,,
,合肥,729,,,,,,,
,上海,1024,,,,,,,
西安,大连,1242,,,,,,,
,东营,962,,,,,,,
,济南,808,,,,,,,
,烟台,1154,,,,,,,
,青岛,1048,,,,,,,
,淮安,956,,,,,,,
,常州,1062,,,,,,,
,无锡,1136,,,,,,,
,合肥,811,,,,,,,
,上海,1228,,,,,,,
,南京,987,,,,,,,
,嘉兴,1189,,,,,,,
,杭州,1191,,,,,,,
,宁波,1299,,,,,,,
,台州,1365,,,,,,,
,义乌,1204,,,,,,,
,温州,1358,,,,,,,
,武汉,652,,,,,,,
,福州,1410,,,,,,,
,南昌,917,,,,,,,
,泉州,1431,,,,,,,
,厦门,1424,,,,,,,
,汕头,1424,,,,,,,
,长沙,813,,,,,,,
,香港,1439,,,,,,,
,深圳,1400,,,,,,,
,珠海,1453,,,,,,,
,广州,1305,,,,,,,
,张家界,615,,,,,,,
,海口,1621,,,,,,,
,三亚,1794,,,,,,,
,南宁,1316,,,,,,,
,河内,1497,,,,,,,
,重庆,562,,,,,,,
,昆明,1178,,,,,,,
,大理,1268,,,,,,,
,芒市,1489,,,,,,,
,城关区,1775,,,,,,,
,日喀则,1915,,,,,,,
,格尔木,1281,,,,,,,
,和田,2610,,,,,,,
,喀什,2942,,,,,,,
,阿克苏,2596,,,,,,,
,库车县,2391,,,,,,,
,伊宁,2572,,,,,,,
,库尔勒,2124,,,,,,,
,博乐,2527,,,,,,,
,塔城地区,2522,,,,,,,
,克拉玛依,2354,,,,,,,
,阿勒泰地区,2263,,,,,,,
,榆林,441,,,,,,,
郑州,兰州,950,,,,,,,
,昆明,1481,,,,,,,
,南昌,657,,,,,,,
,厦门,1183,,,,,,,
,温州,990,,,,,,,
,宁波,885,,,,,,,
,杭州,781,,,,,,,
,上海,790,,,,,,,
,烟台,729,,,,,,,
上海,威海,673,,,,,,,
,大连,869,,,,,,,
,烟台,727,,,,,,,
,青岛,600,,,,,,,
,济南,761,,,,,,,
,石家庄,1024,,,,,,,
,大同,1242,,,,,,,
,呼和浩特,1400,,,,,,,
,邯郸,906,,,,,,,
,太原,1114,,,,,,,
,鄂尔多斯,1423,,,,,,,
,银川,1614,,,,,,,
,延安,1283,,,,,,,
,济南市,761,,,,,,,
,南京,286,,,,,,,
,合肥,465,,,,,,,
,阜阳,604,,,,,,,
,郑州,832,,,,,,,
,运城,1094,,,,,,,
,信阳,745,,,,,,,
,西安,1271,,,,,,,
,安康,1225,,,,,,,
,兰州,1778,,,,,,,
,西宁,1915,,,,,,,
,嘉峪关,2324,,,,,,,
,敦煌,2622,,,,,,,
,喀什,4207,,,,,,,
,阿勒泰地区,3391,,,,,,,
,乌鲁木齐,3310,,,,,,,
,伊宁,3793,,,,,,,
,昭苏,3790,,,,,,,
,阿拉木图,4130,,,,,,,
,喀什干,4767,,,,,,,
,城关区,2963,,,,,,,
,达州,1366,,,,,,,
,南充,1490,,,,,,,
,成都,1659,,,,,,,
,武汉,724,,,,,,,
,荆州,898,,,,,,,
,宜昌,987,,,,,,,
,重庆,1460,,,,,,,
,泸州,1587,,,,,,,
,宜宾,1680,,,,,,,
,遵义,1540,,,,,,,
,昭通,1798,,,,,,,
,西昌,1925,,,,,,,
,攀枝花,2010,,,,,,,
,丽江,2152,,,,,,,
,大理,2182,,,,,,,
,芒市,2401,,,,,,,
,贵阳,1545,,,,,,,
,昆明,1963,,,,,,,
,临沧,2295,,,,,,,
,南昌,621,,,,,,,
,永州,1127,,,,,,,
,桂林,1326,,,,,,,
,柳州,1442,,,,,,,
,南宁,1648,,,,,,,
,河内,1934,,,,,,,
,北海,1638,,,,,,,
,吉安,835,,,,,,,
,赣州,903,,,,,,,
,广州,1202,,,,,,,
,瑞金,801,,,,,,,
,惠州,1146,,,,,,,
,深圳,1231,,,,,,,
,香港,1254,,,,,,,
,澳门,1289,,,,,,,
,珠海,1315,,,,,,,
,海口,1683,,,,,,,
,琼海,1753,,,,,,,
,三亚,1894,,,,,,,
,梅州,948,,,,,,,
,汕头,991,,,,,,,
,泉州,772,,,,,,,
,厦门,816,,,,,,,
,福州,615,,,,,,,
,温州,370,,,,,,,
,台北,676,,,,,,,
,杭州,166,,,,,,,
,义乌,262,,,,,,,
杭州,烟台,826,,,,,,,
,青岛,682,,,,,,,
,太原,1101,,,,,,,
,银川,1569,,,,,,,
,乌鲁木齐,3264,,,,,,,
,郑州,781,,,,,,,
,库尔勒,3307,,,,,,,
,兰州,1706,,,,,,,
,西安,1191,,,,,,,
,武汉,599,,,,,,,
,成都,1534,,,,,,,
,大理,2036,,,,,,,
,景洪,2161,,,,,,,
,昆明,1811,,,,,,,
,贵阳,1392,,,,,,,
,汕头,837,,,,,,,
,深圳,1069,,,,,,,
,广州,1036,,,,,,,
武汉,大连,1127,,,,,,,
,烟台,985,,,,,,,
,青岛,824,,,,,,,
,日照,698,,,,,,,
,淮安,570,,,,,,,
,上海,724,,,,,,,
,盐城,636,,,,,,,
,舟山,787,,,,,,,
,宁波,703,,,,,,,
,台州,739,,,,,,,
,义乌,581,,,,,,,
,温州,718,,,,,,,
,台北,935,,,,,,,
,福州,758,,,,,,,
,高雄,1069,,,,,,,
,泉州,792,,,,,,,
,厦门,793,,,,,,,
,汕头,834,,,,,,,
,惠州,859,,,,,,,
,澳门,941,,,,,,,
,深圳,906,,,,,,,
,广州,826,,,,,,,
,琼海,1347,,,,,,,
,海口,1262,,,,,,,
,湛江,1094,,,,,,,
,三亚,1468,,,,,,,
,北海,1138,,,,,,,
,柳州,871,,,,,,,
,河内,1352,,,,,,,
,万象,1844,,,,,,,
,昆明,1271,,,,,,,
,遵义,750,,,,,,,
,大理,1473,,,,,,,
,恩施,454,,,,,,,
,重庆,735,,,,,,,
,西安,652,,,,,,,
,兰州,1167,,,,,,,
,西宁,1292,,,,,,,
,乌鲁木齐,2757,,,,,,,
,运城,565,,,,,,,
,银川,1099,,,,,,,
,榆林,941,,,,,,,
,鄂尔多斯,1044,,,,,,,
,太原,787,,,,,,,
,大同,1032,,,,,,,
,东营,865,,,,,,,
,济南,729,,,,,,,
,秦皇岛,1080,,,,,,,
,唐山,1049,,,,,,,
,天津,969,,,,,,,
成都,天津,1529,,,,,,,
,烟台,1725,,,,,,,
,青岛,1596,,,,,,,
,济南,1386,,,,,,,
,宁波,1635,,,,,,,
,杭州,1534,,,,,,,
,上海,1614,,,,,,,
,无锡,1527,,,,,,,
,常州,1468,,,,,,,
,南京,1381,,,,,,,
,合肥,1207,,,,,,,
,十堰,661,,,,,,,
,南昌,1118,,,,,,,
,长沙,882,,,,,,,
,台中,1730,,,,,,,
,厦门,1492,,,,,,,
,惠州,1291,,,,,,,
,深圳,1262,,,,,,,
,珠海,1281,,,,,,,
,广州,1165,,,,,,,
,湛江,1157,,,,,,,
,海口,1302,,,,,,,
,三亚,1426,,,,,,,
,昆明,597,,,,,,,
,景洪,996,,,,,,,
,临沧,851,,,,,,,
,沧源,929,,,,,,,
,大理,657,,,,,,,
,保山,781,,,,,,,
,芒市,877,,,,,,,
,腾冲,837,,,,,,,
,迪庆藏族自治州,541,,,,,,,
,城关区,1308,,,,,,,
,玉树,755,,,,,,,
,伊宁,2533,,,,,,,
,阿勒泰地区,2387,,,,,,,
,兰州,692,,,,,,,
,西宁,724,,,,,,,
,银川,906,,,,,,,
,太原,1117,,,,,,,
,昆明,615,,,,,,,
,深圳,1316,,,,,,,
,广州,1221,,,,,,,
,上海,1703,,,,,,,
,杭州,1579,,,,,,,
重庆,太原,1048,,,,,,,
,青岛,1452,,,,,,,
,济南,1260,,,,,,,
,昆明,629,,,,,,,
,百色,666,,,,,,,
,上海,1460,,,,,,,
,宁波,1427,,,,,,,
,无锡,1333,,,,,,,
,常州,1276,,,,,,,
,南京,1188,,,,,,,
,合肥,1017,,,,,,,
长沙,烟台,1276,,,,,,,
,青岛,1112,,,,,,,
,宁波,821,,,,,,,
,南京,671,上海,286,,,,,
,无锡,785,,,,,,,
,常州,753,,,,,,,
,福州,684,,,,,,,
,汕头,610,,,,,,,
,昆明,1077,,,,,,,
,大理,1307,,,,,,,
,兰州,1289,,,,,,,
,太原,1062,,,,,,,
昆明,济南,1881,,,,,,,
,大连,2324,,,,,,,
,烟台,2202,,,,,,,
,青岛,2055,,,,,,,
,天津,2060,,,,,,,
,洛阳,1403,,,,,,,
,郑州,1481,,,,,,,
,河内,521,,,,,,,
,三亚,1009,,,,,,,
,海口,962,,,,,,,
,湛江,897,,,,,,,
,南宁,600,,,,,,,
,惠州,1204,,,,,,,
,广州,1067,,,,,,,
,深圳,1138,,,,,,,
,香港,1159,,,,,,,
,珠海,1117,,,,,,,
,汕头,1384,,,,,,,
,厦门,1532,,,,,,,
,泉州,1576,,,,,,,
,福州,1679,,,,,,,
,三明,1497,,,,,,,
,吉安,1194,,,,,,,
,永州,879,,,,,,,
,温州,1806,,,,,,,
,台州,1872,,,,,,,
,宁波,1897,,,,,,,
,义乌,1751,,,,,,,
,南昌,1349,,,,,,,
,长沙,1077,,,,,,,
,上海,1963,,,,,,,
,嘉兴,1846,,,,,,,
,杭州,1811,,,,,,,
,无锡,1849,,,,,,,
,常州,1807,,,,,,,
,南京,1719,,,,,,,
,合肥,1568,,,,,,,
,武汉,1271,,,,,,,
,淮安,1836,,,,,,,
,宜昌,1033,,,,,,,
,阜阳,1511,,,,,,,
,景洪,412,,,,,,,
,澜沧,438,,,,,,,
,临沧,330,,,,,,,
,沧源,414,,,,,,,
,芒市,451,,,,,,,
,腾冲,447,,,,,,,
,保山,378,,,,,,,
,大理,269,,,,,,,
,丽江,320,,,,,,,
,城关区,1275,,,,,,,
,迪庆藏族自治州,439,,,,,,,
,乌鲁木齐,2514,,,,,,,
,昭通,259,,,,,,,
,西宁,1271,,,,,,,
,大同,1930,,,,,,,
,太原,1675,,,,,,,
,洛阳,1403,,,,,,,
,济南,1881,,,,,,,
,郑州,1481,,,,,,,
,泸州,502,,,,,,,
,呼和浩特,1933,,,,,,,
,榆林,1600,,,,,,,
,鄂尔多斯,1724,,,,,,,
,银川,1503,,,,,,,
,兰州,1268,,,,,,,
广州,台州,995,,,,,,,
,宁波,1080,,,,,,,
,上海,1202,,,,,,,
,杭州,1036,,,,,,,
,无锡,1141,,,,,,,
,常州,1141,,,,,,,
,南京,1077,,,,,,,
,南昌,660,,,,,,,
,威海,1754,,,,,,,
,淮安,1286,,,,,,,
,青岛,1580,,,,,,,
,合肥,1022,,,,,,,
,济南,1542,,,,,,,
,太原,1596,,,,,,,
,兰州,1728,,,,,,,
,迪庆藏族自治州,1448,,,,,,,
,芒市,1503,,,,,,,
,丽江,1363,,,,,,,
,大理,1334,,,,,,,
深圳,大理,1407,,,,,,,
,宁波,1102,,,,,,,
,南京,1127,,,,,,,
,太原,1682,,,,,,,
南京,大连,838,,,,,,,
,台北,776,,,,,,,
,台中,848,,,,,,,
,高雄,1028,,,,,,,
,厦门,803,,,,,,,
,汕头,938,,,,,,,
,香港,1156,,,,,,,
,深圳,1127,,,,,,,
,珠海,1210,,,,,,,
,澳门,1186,,,,,,,
,三亚,1769,,,,,,,
,湛江,1403,,,,,,,
,北海,1477,,,,,,,
,南宁,1463,,,,,,,
,桂林,1125,,,,,,,
,景洪,2092,,,,,,,
,贵阳,1304,,,,,,,
,遵义,1201,,,,,,,
,芒市,2148,,,,,,,
,大理,1926,,,,,,,
,宜宾,1410,,,,,,,
,兰州,1497,,,,,,,
,西宁,1633,,,,,,,
,喀什,3927,,,,,,,
,伊宁,3524,,,,,,,
,银川,1347,,,,,,,
,乌鲁木齐,3043,,,,,,,
,太原,875,,,,,,,
,包头,1260,,,,,,,
,呼和浩特,1191,,,,,,,
,大同,1043,,,,,,,
